"city","state","abbr"
"Provo","Utah","UT"
"Chandler","Arizona","AZ"
"Gilbert","Arizona","AZ"
"Glendale","Arizona","AZ"
"Mesa","Arizona","AZ"
"Phoenix","Arizona","AZ"
"Scottsdale","Arizona","AZ"
"Tempe","Arizona","AZ"
"Tucson","Arizona","AZ"
"Anaheim","California","CA"
"Antioch","California","CA"
"Bakersfield","California","CA"
"Berkeley","California","CA"
"Burbank","California","CA"
"Carlsbad","California","CA"
"Chula Vista","California","CA"
"Concord","California","CA"
"Corona","California","CA"
"Costa Mesa","California","CA"
"Downey","California","CA"
"El Cajon","California","CA"
"El Monte","California","CA"
"Escondido","California","CA"
"Fairfield","California","CA"
"Fremont","California","CA"
"Fresno","California","CA"
"Fullerton","California","CA"
"Garden Grove","California","CA"
"Glendale","California","CA"
"Huntington Beach","California","CA"
"Irvine","California","CA"
"Lancaster","California","CA"
"Long Beach","California","CA"
"Los Angeles","California","CA"
"Modesto","California","CA"
"Moreno Valley","California","CA"
"Norwalk","California","CA"
"Oakland","California","CA"
"Oceanside","California","CA"
"Oxnard","California","CA"
"Palmdale","California","CA"
"Pasadena","California","CA"
"Pomona","California","CA"
"Rialto","California","CA"
"Richmond","California","CA"
"Riverside","California","CA"
"Roseville","California","CA"
"Sacramento","California","CA"
"Salinas","California","CA"
"San Bernardino","California","CA"
"San Diego","California","CA"
"San Francisco","California","CA"
"San Jose","California","CA"
"San Mateo","California","CA"
"Santa Ana","California","CA"
"Santa Clara","California","CA"
"Santa Clarita","California","CA"
"Santa Rosa","California","CA"
"Simi Valley","California","CA"
"Stockton","California","CA"
"Sunnyvale","California","CA"
"Temecula","California","CA"
"Thousand Oaks","California","CA"
"Torrance","California","CA"
"Vallejo","California","CA"
"Ventura","California","CA"
"Victorville","California","CA"
"Visalia","California","CA"
"Akron","Ohio","OH"
"West Covina","California","CA"
"Arvada","Colorado","CO"
"Aurora","Colorado","CO"
"Boulder","Colorado","CO"
"Colorado Springs","Colorado","CO"
"Denver","Colorado","CO"
"Lakewood","Colorado","CO"
"Westminster","Colorado","CO"
"Bridgeport","Connecticut","CT"
"Hartford","Connecticut","CT"
"New Haven","Connecticut","CT"
"Washington","District Of Columbia","DC"
"Cape Coral","Florida","FL"
"Clearwater","Florida","FL"
"Fort Lauderdale","Florida","FL"
"Gainesville","Florida","FL"
"Hialeah","Florida","FL"
"Hollywood","Florida","FL"
"Jacksonville","Florida","FL"
"Miramar","Florida","FL"
"Orlando","Florida","FL"
"Pembroke Pines","Florida","FL"
"Port St Lucie","Florida","FL"
"St Petersburg","Florida","FL"
"Tampa","Florida","FL"
"Atlanta","Georgia","GA"
"Boise","Idaho","ID"
"Aurora","Illinois","IL"
"Chicago","Illinois","IL"
"Elgin","Illinois","IL"
"Naperville","Illinois","IL"
"Peoria","Illinois","IL"
"Springfield","Illinois","IL"
"Evansville","Indiana","IN"
"Fort Wayne","Indiana","IN"
"Davenport","Iowa","IA"
"Des Moines","Iowa","IA"
"Wichita","Kansas","KS"
" ","Kentucky","KY"
"Lexington","Kentucky","KY"
"Louisville","Kentucky","KY"
"New Orleans","Louisiana","LA"
"Baltimore","Maryland","MD"
"Boston","Massachusetts","MA"
"Lowell","Massachusetts","MA"
"Springfield","Massachusetts","MA"
"Worcester","Massachusetts","MA"
"Ann Arbor","Michigan","MI"
"Flint","Michigan","MI"
"Lansing","Michigan","MI"
"Warren","Michigan","MI"
" ","Minnesota","MN"
"Minneapolis","Minnesota","MN"
"Rochester","Minnesota","MN"
"St Paul","Minnesota","MN"
"Columbia","Missouri","MO"
"Kansas City","Missouri","MO"
"St Louis","Missouri","MO"
"Lincoln","Nebraska","NE"
"Omaha","Nebraska","NE"
"Reno","Nevada","NV"
"Edison Twp","New Jersey","NJ"
"Elizabeth","New Jersey","NJ"
"Jersey City","New Jersey","NJ"
" ","New Jersey","NJ"
"Newark","New Jersey","NJ"
"Paterson","New Jersey","NJ"
"Shrewsbury","New Jersey","NJ"
"Woodbridge Twp","New Jersey","NJ"
"Albuquerque","New Mexico","NM"
"New York","New York","NY"
"Rochester","New York","NY"
"Yonkers","New York","NY"
" ","North Carolina","NC"
"High Point","North Carolina","NC"
"Raleigh","North Carolina","NC"
"Fargo","North Dakota","ND"
"Cincinnati","Ohio","OH"
"Cleveland","Ohio","OH"
"Columbus","Ohio","OH"
"Dayton","Ohio","OH"
"Toledo","Ohio","OH"
"Broken Arrow","Oklahoma","OK"
"Tulsa","Oklahoma","OK"
"Portland","Oregon","OR"
"Salem","Oregon","OR"
"Erie","Pennsylvania","PA"
" ","Pennsylvania","PA"
"Philadelphia","Pennsylvania","PA"
"Pittsburgh","Pennsylvania","PA"
"North Charleston","South Carolina","SC"
"Clarksville","Tennessee","TN"
"Knoxville","Tennessee","TN"
"Memphis","Tennessee","TN"
"Nashville","Tennessee","TN"
"Amarillo","Texas","TX"
"Arlington","Texas","TX"
"Austin","Texas","TX"
"Carrollton","Texas","TX"
"College Station","Texas","TX"
"Corpus Christi","Texas","TX"
"Dallas","Texas","TX"
"Denton","Texas","TX"
"El Paso","Texas","TX"
"Fort Worth","Texas","TX"
"Frisco","Texas","TX"
"Garland","Texas","TX"
"Houston","Texas","TX"
"Killeen","Texas","TX"
"Lewisville","Texas","TX"
"Lubbock","Texas","TX"
"McKinney","Texas","TX"
" ","Texas","TX"
"Midland","Texas","TX"
"Plano","Texas","TX"
"Richardson","Texas","TX"
"Round Rock","Texas","TX"
"San Angelo","Texas","TX"
"San Antonio","Texas","TX"
"Tyler","Texas","TX"
"Salt Lake City","Utah","UT"
"West Jordan","Utah","UT"
"West Valley","Utah","UT"
"Alexandria","Virginia","VA"
"Chesapeake","Virginia","VA"
"Hampton","Virginia","VA"
"Newport News","Virginia","VA"
"Norfolk","Virginia","VA"
"Portsmouth","Virginia","VA"
"Richmond","Virginia","VA"
"Everett","Washington","WA"
"Renton","Washington","WA"
"Seattle","Washington","WA"
"Spokane","Washington","WA"
"Tacoma","Washington","WA"
"Vancouver","Washington","WA"
" ","West Virginia","WV"
"Green Bay","Wisconsin","WI"
"Madison","Wisconsin","WI"
"Milwaukee","Wisconsin","WI"
"Anchorage","Alaska","AK"
"Clovis","California","CA"
"Hayward","California","CA"
"Ontario","California","CA"
"Orange","California","CA"
"Santa Maria","California","CA"
"Centennial","Colorado","CO"
"Fort Collins","Colorado","CO"
"Stamford","Connecticut","CT"
"Waterbury","Connecticut","CT"
"Pompano Beach","Florida","FL"
"West Palm Beach","Florida","FL"
"Indianapolis","Indiana","IN"
"Cambridge","Massachusetts","MA"
"Detroit","Michigan","MI"
"Grand Rapids","Michigan","MI"
"Springfield","Missouri","MO"
"North Las Vegas","Nevada","NV"
"Oklahoma City","Oklahoma","OK"
"Durham","North Carolina","NC"
"Fayetteville","North Carolina","NC"
"Greensboro","North Carolina","NC"
"Shrewsbury","Ohio","OH"
"Norman","Oklahoma","OK"
"Providence","Rhode Island","RI"
"Sioux Falls","South Dakota","SD"
"Chattanooga","Tennessee","TN"
"Abilene","Texas","TX"
"Beaumont","Texas","TX"
"Pearland","Texas","TX"
"Virginia Beach","Virginia","VA"
"Bellevue","Washington","WA"
"Kent","Washington","WA"
"Peoria","Arizona","AZ"
"Daly City","California","CA"
"Fontana","California","CA"
"Thornton","Colorado","CO"
"Coral Springs","Florida","FL"
"Tallahassee","Florida","FL"
"Rockford","Illinois","IL"
"Cedar Rapids","Iowa","IA"
"Cary","North Carolina","NC"
"Wichita Falls","Texas","TX"
"Little Rock","Arkansas","AR"
"Elk Grove","California","CA"
"Inglewood","California","CA"
"Palm Bay","Florida","FL"
"Sterling Heights","Michigan","MI"
"Independence","Missouri","MO"
"Billings","Montana","MT"
"Waco","Texas","TX"
"Surprise","Arizona","AZ"
"Murrieta","California","CA"
"Miami Gardens","Florida","FL"
"Joliet","Illinois","IL"
"South Bend","Indiana","IN"
"Topeka","Kansas","KS"
"Manchester","New Hampshire","NH"
"Amherst, Town of","New York","NY"
"Buffalo","New York","NY"
"Syracuse","New York","NY"
"Eugene","Oregon","OR"
"Columbia","South Carolina","SC"
"Mobile","Alabama","AL"
"Pueblo","Colorado","CO"
"Murfreesboro","Tennessee","TN"
"Pasadena","Texas","TX"
"Rancho Cucamonga","California","CA"
"Henderson","Nevada","NV"
"Charleston","South Carolina","SC"
"Montgomery","Alabama","AL"
" ","California","CA"
"Washington","District of Columbia","DC"
"Shrewsbury","Georgia","GA"
"Columbus","Georgia","GA"
"Overland Park","Kansas","KS"
"Wilmington","North Carolina","NC"
"Winston-Salem","North Carolina","NC"
" ","North Dakota","ND"
"McAllen","Texas","TX"
" ","Washington","WA"
"Kansas City","Kansas","KS"
"Allentown","Pennsylvania","PA"
"Odessa","Texas","TX"
"Birmingham","Alabama","AL"
"Shreveport","Louisiana","LA"
"Grand Prairie","Texas","TX"
"Homestead","Florida","FL"
"Coral Gables","Florida","FL"
"Miami Beach","Florida","FL"
"North Miami","Florida","FL"
"North Miami Beach","Florida","FL"
"Marco Island","Florida","FL"
"Collier","Florida","FL"
"Wilton Manors","Florida","FL"
"Broward","Florida","FL"
"Margate","Florida","FL"
"Coconut Creek","Florida","FL"
"Boca Raton","Florida","FL"
"Boynton Beach","Florida","FL"
"Lake Worth","Florida","FL"
"Lake Clarke Shores","Florida","FL"
"Wellington","Florida","FL"
"Palm Beach","Florida","FL"
"Royal Palm Beach","Florida","FL"
"North Palm Beach","Florida","FL"
"Palm Beach Gardens","Florida","FL"
"North Port","Florida","FL"
"Stuart","Florida","FL"
"Port St. Lucie","Florida","FL"
"Pinellas","Florida","FL"
"Hillsborough","Florida","FL"
"Melbourne","Florida","FL"
"Mount Dora","Florida","FL"
"Deland","Florida","FL"
"Ocala","Florida","FL"
"Martin","Florida","FL"
"Flagler","Florida","FL"
"Hallettsville","Texas","TX"
"University Of Florida","Florida","FL"
"Baytown","Texas","TX"
"Tx St Univ, San Marcos","Texas","TX"
"Ascension","Louisiana","LA"
"Calcasieu","Louisiana","LA"
"Pensacola","Florida","FL"
"Walton","Florida","FL"
"Nogales","Arizona","AZ"
"University Of Arizona","Arizona","AZ"
"Oro Valley","Arizona","AZ"
"Ouachita","Louisiana","LA"
"Coronado","California","CA"
"Yuma","Arizona","AZ"
"Texas Christian Universi","Texas","TX"
"Mammoth","Arizona","AZ"
"Port Of San Diego Harbor","California","CA"
"San Diego St University","California","CA"
"Pinal","Arizona","AZ"
"Isle Of Palms","South Carolina","SC"
"North Richland Hills","Texas","TX"
"Santee","California","CA"
"Southern Methodist Univ","Texas","TX"
"University Park","Texas","TX"
"Un Of Ca: San Diego","California","CA"
"Pima","Arizona","AZ"
"Chilton","Alabama","AL"
"Poway","California","CA"
"Sachse","Texas","TX"
"Wylie","Texas","TX"
"Summerville","South Carolina","SC"
"Encinitas","California","CA"
"Maricopa","Arizona","AZ"
"Ca St Un: San Marcos","California","CA"
"Collin","Texas","TX"
"Vista","California","CA"
"Commerce","Texas","TX"
"Buckeye","Arizona","AZ"
"Georgetown","South Carolina","SC"
"Hoover","Alabama","AL"
"Apache Junction","Arizona","AZ"
"Avondale","Arizona","AZ"
"Dana Point","California","CA"
"Orangeburg","South Carolina","SC"
"San Juan Capistrano","California","CA"
"Laguna Niguel","California","CA"
"Paradise Valley","Arizona","AZ"
"Aliso Viejo","California","CA"
"Tx Tech Un: Lubbock","Texas","TX"
"Mission Viejo","California","CA"
"El Mirage","Arizona","AZ"
"Newport Beach","California","CA"
"Rancho Santa Margarita","California","CA"
"La Quinta","California","CA"
"Coachella","California","CA"
"Myrtle Beach","South Carolina","SC"
"Palm Desert","California","CA"
"Rancho Palos Verdes","California","CA"
"Westminster","California","CA"
"Georgia Institute Of Tec","Georgia","GA"
"Cathedral City","California","CA"
"Lomita","California","CA"
"Stanton","California","CA"
"Los Alamitos","California","CA"
"Palm Springs","California","CA"
"Carson","California","CA"
"Redondo Beach","California","CA"
"Horry County Police Dept","South Carolina","SC"
"Ca St Un: Fullerton","California","CA"
"Manhattan Beach","California","CA"
"Yorba Linda","California","CA"
"Hawthorne","California","CA"
"La Mirada","California","CA"
"Lynwood","California","CA"
"University Of Georgia","Georgia","GA"
"Athens-Clarke County","Georgia","GA"
"Cobb County Police Dept","Georgia","GA"
"Un Of Ca: Riverside","California","CA"
"Chino Hills","California","CA"
"Chino","California","CA"
"Montebello","California","CA"
"Forest Acres","South Carolina","SC"
"Santa Monica","California","CA"
"Malibu","California","CA"
"Richland","South Carolina","SC"
"Ca St Polytec U: Pomona","California","CA"
"La Trnsprtn Services Bur","California","CA"
"Un Of Ca: Los Angeles","California","CA"
"Beverly Hills","California","CA"
"West Hollywood","California","CA"
"Claremont","California","CA"
"Burkburnett","Texas","TX"
"La Verne","California","CA"
"Calabasas","California","CA"
"Agoura Hills","California","CA"
"Florence","South Carolina","SC"
"Camarillo","California","CA"
"Ca St Un: Northridge","California","CA"
"Moorpark","California","CA"
"Guntersville","Alabama","AL"
"Dillon","South Carolina","SC"
"Santa Barbara","California","CA"
"Goleta","California","CA"
"Laurens","South Carolina","SC"
"Camp Verde","Arizona","AZ"
"Bennettsville","South Carolina","SC"
"Randall","Texas","TX"
"Spartanburg","South Carolina","SC"
"Hope Mills","North Carolina","NC"
"Univ Of Tn: Chattanooga","Tennessee","TN"
"Red Bank","Tennessee","TN"
"Taft","California","CA"
"Hamilton","Tennessee","TN"
"Northern Arizona Univ","Arizona","AZ"
"Flagstaff","Arizona","AZ"
"Mohave","Arizona","AZ"
"Charlotte-Mecklenburg","North Carolina","NC"
"San Luis Obispo","California","CA"
"Ca St Polyt U:San Luis O","California","CA"
"Western Carolina Univ","North Carolina","NC"
"Kern","California","CA"
"Lewis","Tennessee","TN"
"Choctaw","Oklahoma","OK"
"Putnam City Campus","Oklahoma","OK"
"Buncombe","North Carolina","NC"
"Asheville","North Carolina","NC"
"East Carolina University","North Carolina","NC"
"Greenville","North Carolina","NC"
"Edmond","Oklahoma","OK"
"Salisbury","North Carolina","NC"
"Hickory","North Carolina","NC"
"Lauderdale","Tennessee","TN"
"Roane","Tennessee","TN"
"Middle Tennessee State U","Tennessee","TN"
"Chapel Hill","North Carolina","NC"
"Williamson","Tennessee","TN"
"Franklin","Tennessee","TN"
"Knox","Tennessee","TN"
"Oak Ridge","Tennessee","TN"
"Kill Devil Hills","North Carolina","NC"
"Univ Of Nevada:Las Vegas","Nevada","NV"
"Forsyth","North Carolina","NC"
"Las Vegas Metro Pd","Nevada","NV"
"Rutherford","Tennessee","TN"
"Nashville Metropolitan","Tennessee","TN"
"Vanderbilt University","Tennessee","TN"
"Cookeville","Tennessee","TN"
"Tulare","California","CA"
"East Tennessee State Uni","Tennessee","TN"
"Oxford","North Carolina","NC"
"Stewart","Tennessee","TN"
"Goodlettsville","Tennessee","TN"
"Rogers","Arkansas","AR"
"Gallatin","Tennessee","TN"
"Hominy","Oklahoma","OK"
"Selma","California","CA"
"Danville","Virginia","VA"
"Monterey","California","CA"
"San Joaquin","California","CA"
"Murray","Kentucky","KY"
"Oak Grove","Kentucky","KY"
"Guymon","Oklahoma","OK"
"Chilhowie","Virginia","VA"
"Old Dominion University","Virginia","VA"
"Isle Of Wight","Virginia","VA"
"Madera","California","CA"
"Bowling Green","Kentucky","KY"
"Santa Cruz","California","CA"
"Un Of Ca: Santa Cruz","California","CA"
"Glasgow","Kentucky","KY"
"Ozark","Missouri","MO"
"Scotts Valley","California","CA"
"Somerset","Kentucky","KY"
"Radford University","Virginia","VA"
"Prince George","Virginia","VA"
"York","Virginia","VA"
"Va Polytech Inst & St Un","Virginia","VA"
"Saratoga","California","CA"
"College Of William &Mary","Virginia","VA"
"Campbell","California","CA"
"Hopkins","Kentucky","KY"
"Cupertino","California","CA"
"Santa Clara Transit Dist","California","CA"
"Jasper","Missouri","MO"
"Chesterfield County Pd","Virginia","VA"
"Rich Creek","Virginia","VA"
"Palo Alto","California","CA"
"Atherton","California","CA"
"Turlock","California","CA"
"Belmont","California","CA"
"Foster City","California","CA"
"Millbrae","California","CA"
"Hughson","California","CA"
"Pacifica","California","CA"
"Henrico County Police D","Virginia","VA"
"San Bruno","California","CA"
"Sf Bart: San Mateo Cnty","California","CA"
"Livermore","California","CA"
"Sf Bart: San Francisco C","California","CA"
"Wichita State University","Kansas","KS"
"San Leandro","California","CA"
"Un Of Ca: San Francisco","California","CA"
"Eastern Kentucky Univ","Kentucky","KY"
"Tracy","California","CA"
"Richmond","Kentucky","KY"
"Alameda","California","CA"
"Owensboro","Kentucky","KY"
"Manteca","California","CA"
"Piedmont","California","CA"
"Valley Center","Kansas","KS"
"Contra Costa","California","CA"
"Un Of Ca: Berkeley","California","CA"
"Walnut Creek","California","CA"
"El Cerrito","California","CA"
"Woodson","Kansas","KS"
"Sf Bart: Contra Costa Co","California","CA"
"Brentwood","California","CA"
"Tuolumne","California","CA"
"San Rafael","California","CA"
"Pinole","California","CA"
"Albemarle County Pol Dep","Virginia","VA"
"Hercules","California","CA"
"Pittsburg","California","CA"
"University Of Virginia","Virginia","VA"
"Marin","California","CA"
"Novato","California","CA"
"Shively","Kentucky","KY"
"Spotsylvania","Virginia","VA"
"University Of Louisville","Kentucky","KY"
"St. Matthews","Kentucky","KY"
"Louisville Metro","Kentucky","KY"
"Galt","California","CA"
"Kanawha","West Virginia","WV"
"Indian Hills","Kentucky","KY"
"Sonoma","California","CA"
"Napa","California","CA"
"Ellinwood","Kansas","KS"
"Vacaville","California","CA"
"South Charleston","West Virginia","WV"
"Stafford","Virginia","VA"
"Harrisonburg","Virginia","VA"
"Un Of Ca: Davis","California","CA"
"Davis","California","CA"
"Rockingham","Virginia","VA"
"Healdsburg","California","CA"
"St. Louis","Missouri","MO"
"Williamstown","Kentucky","KY"
"St. Louis County Pol Dep","Missouri","MO"
"Grant","Kentucky","KY"
"Creve Coeur","Missouri","MO"
"University City","Missouri","MO"
"Sp: Dry Ridge","Kentucky","KY"
"Citrus Heights","California","CA"
"Rehoboth Beach","Delaware","DE"
"Fairfax County Pd","Virginia","VA"
"Chaffee","Colorado","CO"
"Northern Va Comm College","Virginia","VA"
"Johnson County Park","Kansas","KS"
"George Mason University","Virginia","VA"
"Arapahoe","Colorado","CO"
"Arlington County Pd","Virginia","VA"
"Ellis","Kansas","KS"
"Univ Of Mo: Columbia","Missouri","MO"
"Anne Arundel","Maryland","MD"
"Leawood","Kansas","KS"
"Herndon","Virginia","VA"
"Lawrence","Kansas","KS"
"Wildwood","New Jersey","NJ"
"North Wildwood","New Jersey","NJ"
"Erlanger","Kentucky","KY"
"Washburn University","Kansas","KS"
"Bonner Springs","Kansas","KS"
"Edwardsville","Kansas","KS"
"Grand Junction","Colorado","CO"
"Loudoun","Virginia","VA"
"Covington","Kentucky","KY"
"Lake","California","CA"
"Monument","Colorado","CO"
"Avalon","New Jersey","NJ"
"Montgomery County Pd","Maryland","MD"
"Middle Township","New Jersey","NJ"
"Purcellville","Virginia","VA"
"Delaware","Indiana","IN"
"Bloomington","Indiana","IN"
"Indiana Univ:Bloomington","Indiana","IN"
"Aspen","Colorado","CO"
"Montgomery","Ohio","OH"
"Douglas","Colorado","CO"
"Ocean City","New Jersey","NJ"
"Howard","Maryland","MD"
"Leavenworth","Kansas","KS"
"Utah","Utah","UT"
"Margate City","New Jersey","NJ"
"Athens","Ohio","OH"
"West Chester Township","Ohio","OH"
"Harrison","West Virginia","WV"
"Mason","Ohio","OH"
"Atlantic City","New Jersey","NJ"
"Sp: Atlantic County","New Jersey","NJ"
"Clay Center","Kansas","KS"
"Jefferson","Colorado","CO"
"Egg Harbor Township","New Jersey","NJ"
"Fairfield Township","New Jersey","NJ"
"Towson University","Maryland","MD"
"Baltimore County Pol Dep","Maryland","MD"
"Frederick","Maryland","MD"
"Sp: Frederick County","Maryland","MD"
"Fort Bragg","California","CA"
"Vineland","New Jersey","NJ"
"Galloway Township","New Jersey","NJ"
"Sp: Cumberland County","New Jersey","NJ"
"Madison Township","Ohio","OH"
"Washington Court House","Ohio","OH"
"Lone Tree","Colorado","CO"
"Carroll","Maryland","MD"
"Glenwood Springs","Colorado","CO"
"Sp: Carroll County","Maryland","MD"
"Summit","Colorado","CO"
"Little Egg Harbor Townsh","New Jersey","NJ"
"Miami Township","Ohio","OH"
"Long Beach Township","New Jersey","NJ"
"Greenwood Village","Colorado","CO"
"Butte","California","CA"
"Centerville","Ohio","OH"
"Morgantown","West Virginia","WV"
"West Virginia University","West Virginia","WV"
"Hammonton","New Jersey","NJ"
"Miamisburg","Ohio","OH"
"Woodstown","New Jersey","NJ"
"Winslow Township","New Jersey","NJ"
"Garfield","Colorado","CO"
"Elk Township","New Jersey","NJ"
"University Of Delaware","Delaware","DE"
"Kettering","Ohio","OH"
"Glassboro","New Jersey","NJ"
"Stafford Township","New Jersey","NJ"
"Carney'S Point Township","New Jersey","NJ"
"Chico","California","CA"
"Pitman","New Jersey","NJ"
"Sp: New Castle County","Delaware","DE"
"Auraria Higher Educ Cntr","Colorado","CO"
"Golden","Colorado","CO"
"Washington Township","New Jersey","NJ"
"Barnegat Township","New Jersey","NJ"
"St. Joseph","Missouri","MO"
"Purdue University","Indiana","IN"
"Gloucester Township","New Jersey","NJ"
"Trotwood","Ohio","OH"
"Commerce City","Colorado","CO"
"Fairborn","Ohio","OH"
"West Deptford Township","New Jersey","NJ"
"Woodbury","New Jersey","NJ"
"Gibbsboro","New Jersey","NJ"
"Voorhees Township","New Jersey","NJ"
"Evesham Township","New Jersey","NJ"
"Medford Lakes","New Jersey","NJ"
"Medford Township","New Jersey","NJ"
"Lacey Township","New Jersey","NJ"
"Grove City","Ohio","OH"
"London","Ohio","OH"
"Haddonfield","New Jersey","NJ"
"Berkeley Township","New Jersey","NJ"
"Broomfield","Colorado","CO"
"Camden","New Jersey","NJ"
"Cherry Hill Township","New Jersey","NJ"
"Mount Laurel Township","New Jersey","NJ"
"Beachwood","New Jersey","NJ"
"Reynoldsburg","Ohio","OH"
"Capital University","Ohio","OH"
"Fishers","Indiana","IN"
"Moorestown Township","New Jersey","NJ"
"Manchester Township","New Jersey","NJ"
"Lafayette","Colorado","CO"
"Upper Arlington","Ohio","OH"
"Eastampton Township","New Jersey","NJ"
"Palmyra","New Jersey","NJ"
"Oh State Univ: Columbus","Ohio","OH"
"Westampton Township","New Jersey","NJ"
"Riverside Township","New Jersey","NJ"
"Hilliard","Ohio","OH"
"Brick Township","New Jersey","NJ"
"Wheeling","West Virginia","WV"
"Mansfield Township","New Jersey","NJ"
"North Hanover Township","New Jersey","NJ"
"New Albany","Ohio","OH"
"Lakewood Township","New Jersey","NJ"
"Point Pleasant","New Jersey","NJ"
"Jackson Township","New Jersey","NJ"
"Worthington","Ohio","OH"
"Florence Township","New Jersey","NJ"
"Univ Of Il: Urbana","Illinois","IL"
"Brielle","New Jersey","NJ"
"Urbana","Illinois","IL"
"Manasquan","New Jersey","NJ"
"Abington Township","Pennsylvania","PA"
"Canton","Missouri","MO"
"Sea Girt","New Jersey","NJ"
"Bordentown Township","New Jersey","NJ"
"Spring Lake","New Jersey","NJ"
"Powell","Ohio","OH"
"Howell Township","New Jersey","NJ"
"Belmar","New Jersey","NJ"
"Genoa Township","Ohio","OH"
"Muncie","Indiana","IN"
"Kirksville","Missouri","MO"
"Neptune Township","New Jersey","NJ"
"Hamilton Township","New Jersey","NJ"
"Freehold","New Jersey","NJ"
"Freehold Township","New Jersey","NJ"
"Robbinsville Township","New Jersey","NJ"
"Sp: Skippack","Pennsylvania","PA"
"Ocean","New Jersey","NJ"
"Monmouth","New Jersey","NJ"
"Ewing Township","New Jersey","NJ"
"Univ Of Pitt: Johnstown","Pennsylvania","PA"
"East Windsor Township","New Jersey","NJ"
"Hightstown","New Jersey","NJ"
"Harrisburg","Pennsylvania","PA"
"Lawrence Township","New Jersey","NJ"
"Sp: Monmouth County","New Jersey","NJ"
"Manalapan Township","New Jersey","NJ"
"Colts Neck Township","New Jersey","NJ"
"West Long Branch","New Jersey","NJ"
"Eatontown","New Jersey","NJ"
"West Windsor Township","New Jersey","NJ"
"Cranbury Township","New Jersey","NJ"
"Tinton Falls","New Jersey","NJ"
"Long Branch","New Jersey","NJ"
"Reading","Pennsylvania","PA"
"Monroe Township","New Jersey","NJ"
"Little Silver","New Jersey","NJ"
"Marlboro Township","New Jersey","NJ"
"Hopewell Township","New Jersey","NJ"
"Holmdel Township","New Jersey","NJ"
"Jamesburg","New Jersey","NJ"
"Princeton","New Jersey","NJ"
"Lambertville","New Jersey","NJ"
"Rumson","New Jersey","NJ"
"South Brunswick Township","New Jersey","NJ"
"Spotswood","New Jersey","NJ"
"Weld","Colorado","CO"
"Middletown Township","New Jersey","NJ"
"Loveland","Colorado","CO"
"Old Bridge Township","New Jersey","NJ"
"Matawan","New Jersey","NJ"
"Aberdeen Township","New Jersey","NJ"
"East Brunswick Township","New Jersey","NJ"
"Montgomery Township","New Jersey","NJ"
"Keansburg","New Jersey","NJ"
"North Brunswick Township","New Jersey","NJ"
"New Brunswick","New Jersey","NJ"
"Highland Park","New Jersey","NJ"
"Hillsborough Township","New Jersey","NJ"
"Normal","Illinois","IL"
"Edison Township","New Jersey","NJ"
"Draper","Utah","UT"
"Tooele","Utah","UT"
"Metuchen","New Jersey","NJ"
"Piscataway Township","New Jersey","NJ"
"Woodbridge Township","New Jersey","NJ"
"Washoe","Nevada","NV"
"Hunterdon","New Jersey","NJ"
"Mifflin","Pennsylvania","PA"
"Middlesex","New Jersey","NJ"
"Somerville","New Jersey","NJ"
"Carteret","New Jersey","NJ"
"South Plainfield","New Jersey","NJ"
"Redding","California","CA"
"Butler","Ohio","OH"
"Sp: Lehigh County","Pennsylvania","PA"
"Green Brook Township","New Jersey","NJ"
"Midvale","Utah","UT"
"Linden","New Jersey","NJ"
"North Plainfield","New Jersey","NJ"
"Clinton Township","New Jersey","NJ"
"Pohatcong Township","New Jersey","NJ"
"Utah Highway Patrol","Utah","UT"
"Warren Township","New Jersey","NJ"
"Sp: Hunterdon County","New Jersey","NJ"
"Watchung","New Jersey","NJ"
"Scotch Plains Township","New Jersey","NJ"
"Garwood","New Jersey","NJ"
"Nassau","New York","NY"
"Freeport Village","New York","NY"
"Cranford Township","New Jersey","NJ"
"High Bridge","New Jersey","NJ"
"Bayonne","New Jersey","NJ"
"Long Hill Township","New Jersey","NJ"
"Nyc Metro Trnsprtn Auth","New York","NY"
"Hillside Township","New Jersey","NJ"
"Union","New Jersey","NJ"
"Union Township","New Jersey","NJ"
"New Providence","New Jersey","NJ"
"Salt Lake Cnty Unifd Pd","Utah","UT"
"Logan","Colorado","CO"
"Lopatcong Township","New Jersey","NJ"
"Chatham Township","New Jersey","NJ"
"Garden City Village","New York","NY"
"Maplewood Township","New Jersey","NJ"
"Millburn Township","New Jersey","NJ"
"St Prk: Long Island Reg","New York","NY"
"Harding Township","New Jersey","NJ"
"Hoboken","New Jersey","NJ"
"Ferguson Township","Pennsylvania","PA"
"Humboldt","California","CA"
"Utah Transit Authority","Utah","UT"
"University Of Utah","Utah","UT"
"Weehawken Township","New Jersey","NJ"
"Kearny","New Jersey","NJ"
"Union City","New Jersey","NJ"
"Livingston Township","New Jersey","NJ"
"Mendham Township","New Jersey","NJ"
"Florham Park","New Jersey","NJ"
"Secaucus","New Jersey","NJ"
"Morris Township","New Jersey","NJ"
"Belleville","New Jersey","NJ"
"Massillon","Ohio","OH"
"West Orange","New Jersey","NJ"
"Eureka","California","CA"
"North Bergen Township","New Jersey","NJ"
"Glen Ridge","New Jersey","NJ"
"Pa St Univ: Univ Park","Pennsylvania","PA"
"East Hanover Township","New Jersey","NJ"
"Suffolk County Pd","New York","NY"
"Nutley Township","New Jersey","NJ"
"Port Washington","New York","NY"
"Hanover Township","New Jersey","NJ"
"Montclair","New Jersey","NJ"
"Verona","New Jersey","NJ"
"Morris","New Jersey","NJ"
"Ridgefield","New Jersey","NJ"
"Randolph Township","New Jersey","NJ"
"North Salt Lake","Utah","UT"
"Fort Lee","New Jersey","NJ"
"Mount Olive Township","New Jersey","NJ"
"Wallington","New Jersey","NJ"
"Passaic","New Jersey","NJ"
"North Caldwell","New Jersey","NJ"
"Stark","Ohio","OH"
"Ashland","Ohio","OH"
"Little Falls Township","New Jersey","NJ"
"Roxbury Township","New Jersey","NJ"
"Van Wert","Ohio","OH"
"Parsippany-Troy Hills Tw","New Jersey","NJ"
"Humboldt State Universit","California","CA"
"North Canton","Ohio","OH"
"Centre","Pennsylvania","PA"
"Roseto","Pennsylvania","PA"
"Lodi","New Jersey","NJ"
"Hackensack","New Jersey","NJ"
"Columbiana","Ohio","OH"
"Denville Township","New Jersey","NJ"
"Englewood","New Jersey","NJ"
"Teaneck Township","New Jersey","NJ"
"Nissequogue Village","New York","NY"
"Maywood","New Jersey","NJ"
"Saddle Brook Township","New Jersey","NJ"
"Boonton","New Jersey","NJ"
"New Rochelle","New York","NY"
"Suny: Stony Brook","New York","NY"
"Montville Township","New Jersey","NJ"
"Wayne Township","New Jersey","NJ"
"Bergen","New Jersey","NJ"
"Bergenfield","New Jersey","NJ"
"River Edge","New Jersey","NJ"
"Boonton Township","New Jersey","NJ"
"New Milford","New Jersey","NJ"
"Fair Lawn","New Jersey","NJ"
"Paramus","New Jersey","NJ"
"North Haledon","New Jersey","NJ"
"Oradell","New Jersey","NJ"
"Byram Township","New Jersey","NJ"
"Glen Rock","New Jersey","NJ"
"Ridgewood","New Jersey","NJ"
"Midland Park","New Jersey","NJ"
"Riverdale","New Jersey","NJ"
"Hastings-On-Hudson Villa","New York","NY"
"Ho-Ho-Kus","New Jersey","NJ"
"Norwood","New Jersey","NJ"
"Scarsdale Village","New York","NY"
"Pompton Lakes","New Jersey","NJ"
"Dobbs Ferry Village","New York","NY"
"River Vale Township","New Jersey","NJ"
"Franklin Lakes","New Jersey","NJ"
"Boardman","Ohio","OH"
"Saddle River","New Jersey","NJ"
"Greenburgh Town","New York","NY"
"White Plains","New York","NY"
"Allendale","New Jersey","NJ"
"Findlay","Ohio","OH"
"Suny College: Purchase","New York","NY"
"Orangetown Town","New York","NY"
"Ramsey","New Jersey","NJ"
"Upper Saddle River","New Jersey","NJ"
"Layton","Utah","UT"
"Darien","Connecticut","CT"
"South Nyack Village","New York","NY"
"Youngstown","Ohio","OH"
"Metropltn Trnsprtn Auth","Connecticut","CT"
"Austintown","Ohio","OH"
"Spring Valley Village","New York","NY"
"Ringwood","New Jersey","NJ"
"Hardyston Township","New Jersey","NJ"
"Norwalk","Connecticut","CT"
"Clarkstown Town","New York","NY"
"West Milford Township","New Jersey","NJ"
"North Castle Town","New York","NY"
"Fairfield","Connecticut","CT"
"Ramapo Town","New York","NY"
"Westport","Connecticut","CT"
"Medina","Ohio","OH"
"New Canaan","Connecticut","CT"
"Fostoria","Ohio","OH"
"Medina Township","Ohio","OH"
"Niles","Ohio","OH"
"Stratford","Connecticut","CT"
"Wilton","Connecticut","CT"
"Haverstraw Town","New York","NY"
"Weston","Connecticut","CT"
"Croton-On-Hudson Village","New York","NY"
"Milford","Connecticut","CT"
"Omaha",NA,"#N/A"
"Weber","Utah","UT"
"Yorktown Town","New York","NY"
"West Haven","Connecticut","CT"
"Clinton","Connecticut","CT"
"Guilford","Connecticut","CT"
"Shelton","Connecticut","CT"
"Derby","Connecticut","CT"
"North Branford","Connecticut","CT"
"Monroe Village","New York","NY"
"So Conn State University","Connecticut","CT"
"Pike","Pennsylvania","PA"
"Groton","Connecticut","CT"
"Groton Town","Connecticut","CT"
"Waterford","Connecticut","CT"
"New London","Connecticut","CT"
"La Salle","Illinois","IL"
"Bowling Green State Univ","Ohio","OH"
"Danbury","Connecticut","CT"
"Seymour","Connecticut","CT"
"Western Connecticut St U","Connecticut","CT"
"Sp: Orange County","New York","NY"
"Scranton","Pennsylvania","PA"
"Newtown","Connecticut","CT"
"Deerpark Town","New York","NY"
"Naugatuck","Connecticut","CT"
"University Of Rhode Isla","Rhode Island","RI"
"Newport","Rhode Island","RI"
"Lyndhurst","Ohio","OH"
"Norwich","Connecticut","CT"
"Fishkill Town","New York","NY"
"Sp: Wayne County","Pennsylvania","PA"
"Highland Heights","Ohio","OH"
"Falmouth","Massachusetts","MA"
"Highland","Indiana","IN"
"Crawford Town","New York","NY"
"Bettendorf","Iowa","IA"
"Middletown","Connecticut","CT"
"Maumee","Ohio","OH"
"Tinley Park","Illinois","IL"
"Cromwell","Connecticut","CT"
"Na","Connecticut","CT"
"Northwood","Ohio","OH"
"Berlin","Connecticut","CT"
"Plainfield","Illinois","IL"
"Poughkeepsie Town","New York","NY"
"University Of Iowa","Iowa","IA"
"New Britain","Connecticut","CT"
"Johnson","Iowa","IA"
"Glastonbury","Connecticut","CT"
"Newington","Connecticut","CT"
"Barnstable","Massachusetts","MA"
"Poughkeepsie","New York","NY"
"West Warwick","Rhode Island","RI"
"Oak Lawn","Illinois","IL"
"Eastern Connecticut St U","Connecticut","CT"
"Fallsburg Town","New York","NY"
"Dennis","Massachusetts","MA"
"Cook","Illinois","IL"
"Suny College: New Paltz","New York","NY"
"Sp: Dutchess County","New York","NY"
"West Hartford","Connecticut","CT"
"Madison","Ohio","OH"
"Manchester","Connecticut","CT"
"Dutchess","New York","NY"
"Coventry","Connecticut","CT"
"Torrington","Connecticut","CT"
"La Grange","Illinois","IL"
"Univ Of Ct: Storrs, Ap&H","Connecticut","CT"
"Connecticut State Police","Connecticut","CT"
"Du Page","Illinois","IL"
"Dupage","Illinois","IL"
"Bloomfield","Connecticut","CT"
"Brown University","Rhode Island","RI"
"Simsbury","Connecticut","CT"
"Pawtucket","Rhode Island","RI"
"Lombard","Illinois","IL"
"Middleboro","Massachusetts","MA"
"Monroe","Michigan","MI"
"Windsor Locks","Connecticut","CT"
"Rhinebeck Village","New York","NY"
"Winchester","Connecticut","CT"
"Raynham","Massachusetts","MA"
"Plymouth","Massachusetts","MA"
"Enfield","Connecticut","CT"
"Woonsocket","Rhode Island","RI"
"Skokie","Illinois","IL"
"Mansfield","Massachusetts","MA"
"Evanston","Illinois","IL"
"East Longmeadow","Massachusetts","MA"
"Pembroke","Massachusetts","MA"
"Massasoit Community Coll","Massachusetts","MA"
"Brockton","Massachusetts","MA"
"Vestal Town","New York","NY"
"Arlington Heights","Illinois","IL"
"Suny: Binghamton","New York","NY"
"Monson","Massachusetts","MA"
"Mendon","Massachusetts","MA"
"Benton Harbor","Michigan","MI"
"Norfolk","Massachusetts","MA"
"Stoughton","Massachusetts","MA"
"Sharon","Massachusetts","MA"
"Wilbraham","Massachusetts","MA"
"Trenton","Michigan","MI"
"Northbridge","Massachusetts","MA"
"Berkshire","Massachusetts","MA"
"Millis","Massachusetts","MA"
"Upton","Massachusetts","MA"
"Great Barrington","Massachusetts","MA"
"Holliston","Massachusetts","MA"
"Grafton","Massachusetts","MA"
"Braintree","Massachusetts","MA"
"Pittsfield Township","Michigan","MI"
"Wayne County Airport","Michigan","MI"
"Van Buren","Michigan","MI"
"Sherborn","Massachusetts","MA"
"Hingham","Massachusetts","MA"
"Spencer","Massachusetts","MA"
"Jackson","Michigan","MI"
"Milton","Massachusetts","MA"
"Eastern Michigan Univers","Michigan","MI"
"Clark University","Massachusetts","MA"
"Hudson","New York","NY"
"Quincy","Massachusetts","MA"
"Winnebago","Illinois","IL"
"Sp: Delaware County","New York","NY"
"Natick","Massachusetts","MA"
"Univ Of Mi: Ann Arbor","Michigan","MI"
"Framingham","Massachusetts","MA"
"Needham","Massachusetts","MA"
"Inkster","Michigan","MI"
"Assumption College","Massachusetts","MA"
"Framingham State Univers","Massachusetts","MA"
"Hull","Massachusetts","MA"
"Southborough","Massachusetts","MA"
"Washtenaw","Michigan","MI"
"Canton Township","Michigan","MI"
"Chelsea","Michigan","MI"
"Dearborn","Michigan","MI"
"Hampshire College","Massachusetts","MA"
"Westland","Michigan","MI"
"Northampton","Massachusetts","MA"
"Brookline","Massachusetts","MA"
"Mchenry","Illinois","IL"
"Dearborn Heights","Michigan","MI"
"Newton","Massachusetts","MA"
"Northeastern University","Massachusetts","MA"
"Grayslake","Illinois","IL"
"Boston University","Massachusetts","MA"
"Emerson College","Massachusetts","MA"
"Suffolk","Massachusetts","MA"
"Mass Inst Of Technology","Massachusetts","MA"
"Brandeis University","Massachusetts","MA"
"Livonia","Michigan","MI"
"Harvard University","Massachusetts","MA"
"Amherst","Massachusetts","MA"
"Plymouth Township","Michigan","MI"
"Winthrop","Massachusetts","MA"
"Bentley University","Massachusetts","MA"
"Boylston","Massachusetts","MA"
"Univ Of Ma: Amherst","Massachusetts","MA"
"Hamtramck","Michigan","MI"
"Tufts University:Medford","Massachusetts","MA"
"Mass General Hospital","Massachusetts","MA"
"Everett","Massachusetts","MA"
"Revere","Massachusetts","MA"
"Northville Township","Michigan","MI"
"Medford","Massachusetts","MA"
"Malden","Massachusetts","MA"
"Lincoln","Massachusetts","MA"
"Bolton","Massachusetts","MA"
"Hinsdale","Massachusetts","MA"
"Pittsfield","Massachusetts","MA"
"Oneonta City","New York","NY"
"Cornell University","New York","NY"
"Oak Park","Michigan","MI"
"Ferndale","Michigan","MI"
"Farmington","Michigan","MI"
"Suny College: Oneonta","New York","NY"
"Lynn","Massachusetts","MA"
"Wayne","New York","NY"
"Southfield","Michigan","MI"
"Stoneham","Massachusetts","MA"
"Huntington Woods","Michigan","MI"
"Acton","Massachusetts","MA"
"Madison Heights","Michigan","MI"
"Royal Oak","Michigan","MI"
"St. Clair Shores","Michigan","MI"
"Farmington Hills","Michigan","MI"
"Marblehead","Massachusetts","MA"
"Harvard","Massachusetts","MA"
"Berkley","Michigan","MI"
"Wakefield","Massachusetts","MA"
"Ashfield","Massachusetts","MA"
"Montague","Massachusetts","MA"
"Fraser","Michigan","MI"
"Birmingham","Michigan","MI"
"Wilmington","Massachusetts","MA"
"Endicott College","Massachusetts","MA"
"Wolverine Lake","Michigan","MI"
"Billerica","Massachusetts","MA"
"Beverly","Massachusetts","MA"
"Twin Falls","Idaho","ID"
"West Bloomfield Township","Michigan","MI"
"Danvers","Massachusetts","MA"
"Manchester-By-The-Sea","Massachusetts","MA"
"Bloomfield Township","Michigan","MI"
"Bloomfield Hills","Michigan","MI"
"Orchard Lake","Michigan","MI"
"Lunenburg","Massachusetts","MA"
"Cortland","New York","NY"
"Troy","Michigan","MI"
"Keego Harbor","Michigan","MI"
"Clay Township","Michigan","MI"
"Livingston","Michigan","MI"
"Albany","New York","NY"
"Rockport","Massachusetts","MA"
"Andover","Massachusetts","MA"
"Macomb","Michigan","MI"
"Oakland University","Michigan","MI"
"Dracut","Massachusetts","MA"
"Shelby Township","Michigan","MI"
"New Baltimore","Michigan","MI"
"Suny A&T Col:Morrisville","New York","NY"
"Waterford Township","Michigan","MI"
"Ma Collg Of Liberal Arts","Massachusetts","MA"
"Northfield","Massachusetts","MA"
"Michigan State Universit","Michigan","MI"
"Methuen","Massachusetts","MA"
"Meridian Township","Michigan","MI"
"East Lansing","Michigan","MI"
"Independence Township","Michigan","MI"
"Haverhill","Massachusetts","MA"
"Holland","Michigan","MI"
"Suny College: Geneseo","New York","NY"
"Newburyport","Massachusetts","MA"
"Schenectady","New York","NY"
"Merrimack","New Hampshire","NH"
"Pocatello","Idaho","ID"
"Derry","New Hampshire","NH"
"Suny: Buffalo","New York","NY"
"Lancaster Town","New York","NY"
"Grand Blanc Township","Michigan","MI"
"Hampton Falls","New Hampshire","NH"
"Cheshire","New Hampshire","NH"
"Suny College: Buffalo","New York","NY"
"Iowa","Wisconsin","WI"
"Bedford","New Hampshire","NH"
"Ottawa","Michigan","MI"
"Amherst Town","New York","NY"
"Exeter","New Hampshire","NH"
"Capac","Michigan","MI"
"Raymond","New Hampshire","NH"
"Dewitt Town","New York","NY"
"Sullivan","New York","NY"
"Genesee","Michigan","MI"
"Elmore","Idaho","ID"
"Lee","New Hampshire","NH"
"Dover","New Hampshire","NH"
"Suny College: Brockport","New York","NY"
"Roseburg","Oregon","OR"
"Sp: Orleans County","New York","NY"
"Sp: Montcalm County","Michigan","MI"
"Glens Falls","New York","NY"
"Sanford","Maine","ME"
"Suny College: Oswego","New York","NY"
"Ada","Idaho","ID"
"Saco","Maine","ME"
"Burnett","Wisconsin","WI"
"Old Orchard Beach","Maine","ME"
"Scarborough","Maine","ME"
"Bristol","New Hampshire","NH"
"Bay City","Michigan","MI"
"Rutland","Vermont","VT"
"Meridian","Idaho","ID"
"Garden City","Idaho","ID"
"South Portland","Maine","ME"
"Univ Of Southern Maine","Maine","ME"
"Putnam","New York","NY"
"Sagadahoc","Maine","ME"
"Wiscasset","Maine","ME"
"Damariscotta","Maine","ME"
"Rapid City","South Dakota","SD"
"Mankato","Minnesota","MN"
"Orleans","New York","NY"
"Appleton","Wisconsin","WI"
"Nicollet","Minnesota","MN"
"Sp: Essex County","New York","NY"
"Augusta","Maine","ME"
"Brookings","South Dakota","SD"
"Belfast","Maine","ME"
"St. Lawrence","New York","NY"
"Kewaunee","Wisconsin","WI"
"Burlington","Vermont","VT"
"Oneida","Wisconsin","WI"
"Essex","Vermont","VT"
"Colchester","Vermont","VT"
"Corvallis","Oregon","OR"
"Suny College: Potsdam","New York","NY"
"Suny College:Plattsburgh","New York","NY"
"Plattsburgh City","New York","NY"
"Hampden","Maine","ME"
"Shakopee","Minnesota","MN"
"Bangor","Maine","ME"
"Eagan","Minnesota","MN"
"Inver Grove Heights","Minnesota","MN"
"Clark","Wisconsin","WI"
"River Falls","Wisconsin","WI"
"Minnetonka","Minnesota","MN"
"Maplewood","Minnesota","MN"
"St. Paul","Minnesota","MN"
"Lincoln City","Oregon","OR"
"St. Louis Park","Minnesota","MN"
"Maple Grove","Minnesota","MN"
"Brooklyn Park","Minnesota","MN"
"Menominee","Michigan","MI"
"Blaine","Minnesota","MN"
"Tigard","Oregon","OR"
"Washington",NA,"#N/A"
"St. Cloud","Minnesota","MN"
"Sartell","Minnesota","MN"
"Montana State University","Montana","MT"
"Battle Ground","Washington","WA"
"Ravali","Montana","MT"
"Walla Walla","Washington","WA"
"Mille Lacs","Minnesota","MN"
"Lisbon","North Dakota","ND"
"Wapato","Washington","WA"
"Chocolay Township","Michigan","MI"
"Helena","Montana","MT"
"Yakima","Washington","WA"
"Pierce","Washington","WA"
"Pullman","Washington","WA"
"Wa State Univ: Pullman","Washington","WA"
"Whitman","Washington","WA"
"Thurston","Washington","WA"
"Missoula","Montana","MT"
"Dickinson","North Dakota","ND"
"Lacey","Washington","WA"
"Olympia","Washington","WA"
"Cass","North Dakota","ND"
"Evergreen State College","Washington","WA"
"Hancock","Michigan","MI"
"Moses Lake","Washington","WA"
"Steilacoom","Washington","WA"
"University Place","Washington","WA"
"Auburn","Washington","WA"
"Federal Way","Washington","WA"
"Tukwila","Washington","WA"
"Bemidji","Minnesota","MN"
"Eastern Washington Univ","Washington","WA"
"Issaquah","Washington","WA"
"Newcastle","Washington","WA"
"King","Washington","WA"
"Mercer Island","Washington","WA"
"Port Of Seattle","Washington","WA"
"Bainbridge Island","Washington","WA"
"University Of Washington","Washington","WA"
"Spokane Valley","Washington","WA"
"Redmond","Washington","WA"
"Kirkland","Washington","WA"
"Bothell","Washington","WA"
"Mountlake Terrace","Washington","WA"
"Watford City","North Dakota","ND"
"Lynnwood","Washington","WA"
"Chelan","Washington","WA"
"Sequim","Washington","WA"
"Kalispell","Montana","MT"
"Minot","North Dakota","ND"
"Oak Harbor","Washington","WA"
"Mount Vernon","Washington","WA"
"Bellingham","Washington","WA"
"Whatcom","Washington","WA"
"Lynden","Washington","WA"
"Northern Buttes","California","CA"
"Huron County","Michigan","MI"
"Greater Hardin County","Kentucky","KY"
"Alameda County","California","CA"
